libelle,parent
Atelier,
Atelier Artistique,Atelier
Dessin,Atelier Artistique
Divers,Atelier Artistique
Ecriture,Atelier Artistique
Peinture,Atelier Artistique
Photographie,Atelier Artistique
Poterie,Atelier Artistique
Sculpture,Atelier Artistique
Théâtre,Atelier Artistique
Atelier Bien-Etre,Atelier
Divers,Atelier Bien-Etre
Méditation,Atelier Bien-Etre
Pleine conscience,Atelier Bien-Etre
Tai-Chi,Atelier Bien-Etre
Yoga,Atelier Bien-Etre
Atelier Bricolage,Atelier
Divers,Atelier Bricolage
Réparation d'appareils électriques,Atelier Bricolage
Atelier Culinaire,Atelier
Chocolaterie & Patisserie,Atelier Culinaire
Cuisine du monde,Atelier Culinaire
Cuisine traditionnelle,Atelier Culinaire
Cuisine végétarienne & vegan,Atelier Culinaire
Divers,Atelier Culinaire
Mixologie,Atelier Culinaire
Œnologie,Atelier Culinaire
Atelier Danse,Atelier
Ballet,Atelier Danse
Danse contemporaire,Atelier Danse
Danse de rue,Atelier Danse
Danse traditionnelle,Atelier Danse
Divers,Atelier Danse
Atelier Développement Personnel,Atelier
Communication,Atelier Développement Personnel
Divers,Atelier Développement Personnel
Gestion du temps,Atelier Développement Personnel
Leadership,Atelier Développement Personnel
Atelier Divers,Atelier
Atelier DIY,Atelier
"Broderie, Couture, Tricot",Atelier DIY
Decoration,Atelier DIY
Divers,Atelier DIY
Atelier Educatif,Atelier
Divers,Atelier Educatif
Langues étrangères,Atelier Educatif
Langues anciennes,Atelier Educatif
Philosophie,Atelier Educatif
Atelier Esotérisme,Atelier
Astrologie,Atelier Esotérisme
Divers,Atelier Esotérisme
Numérologie,Atelier Esotérisme
"Atelier Herboristerie, Horticulture & Jardinage",Atelier
Culture de fleurs,"Atelier Herboristerie, Horticulture & Jardinage"
Divers,"Atelier Herboristerie, Horticulture & Jardinage"
Herboristerie,"Atelier Herboristerie, Horticulture & Jardinage"
Permaculture,"Atelier Herboristerie, Horticulture & Jardinage"
Potager,"Atelier Herboristerie, Horticulture & Jardinage"
Atelier Informatique,Atelier
Bureautique,Atelier Informatique
Codage,Atelier Informatique
Divers,Atelier Informatique
Graphisme,Atelier Informatique
MAO,Atelier Informatique
Video,Atelier Informatique
Atelier Musique,Atelier
Chant,Atelier Musique
Divers,Atelier Musique
Instruments de musique,Atelier Musique
Solfège,Atelier Musique
Bal,
Bal Costumé,Bal
Bal masqué,Bal Costumé
Bal thématique,Bal Costumé
Divers,Bal Costumé
Bal Moderne,Bal
Bal disco,Bal Moderne
Bal de promotion,Bal Moderne
Divers,Bal Moderne
Bal Traditionnel,Bal
Bal folk,Bal Traditionnel
Bal de valse,Bal Traditionnel
Divers,Bal Traditionnel
Bal Divers,Bal
Braderie,
Braderie Divers,Braderie
Brocante,
Brocante Divers,Brocante
Compétition & Concours,
Compétition Académique,Compétition & Concours
Divers,Compétition Académique
Histoire,Compétition Académique
Informatique,Compétition Académique
Mathématiques,Compétition Académique
Physique,Compétition Académique
Concours Artistique,Compétition & Concours
Danse,Concours Artistique
Divers,Concours Artistique
Musique,Concours Artistique
Peinture,Concours Artistique
Photographie,Concours Artistique
Concours Culinaire,Compétition & Concours
Cuisine innovante,Concours Culinaire
Cuisine traditionnelle,Concours Culinaire
Divers,Concours Culinaire
Pâtisserie,Concours Culinaire
Compétition & Concours Divers,Compétition & Concours
Compétition Jeux Vidéo,Compétition & Concours
Divers,Compétition Jeux Vidéo
eSports,Compétition Jeux Vidéo
Tournois de combat,Compétition Jeux Vidéo
Tournois de stratégie,Compétition Jeux Vidéo
Compétition Sportive,Compétition & Concours
Athlétisme,Compétition Sportive
Basketball,Compétition Sportive
Divers,Compétition Sportive
Football,Compétition Sportive
Natation,Compétition Sportive
Tennis,Compétition Sportive
Concours Technologique,Compétition & Concours
Conception 3D,Concours Technologique
CTF (Capture The Flag),Concours Technologique
Développement logiciel,Concours Technologique
Divers,Concours Technologique
Robotique,Concours Technologique
Concert,
Concert Divers,Concert
Concert Expérimental,Concert
Divers,Concert Expérimental
Installations musicales,Concert Expérimental
Performances sonores,Concert Expérimental
Concert Musique Classique,Concert
Chambre,Concert Musique Classique
Divers,Concert Musique Classique
Opera,Concert Musique Classique
Solo,Concert Musique Classique
Symphonique,Concert Musique Classique
Concert Musique Contemporaine,Concert
Divers,Concert Musique Contemporaine
Hip-hop,Concert Musique Contemporaine
Jazz,Concert Musique Contemporaine
Pop,Concert Musique Contemporaine
Rock,Concert Musique Contemporaine
Concert Musiques Du Monde,Concert
Afrobeat,Concert Musiques Du Monde
Divers,Concert Musiques Du Monde
K-Pop,Concert Musiques Du Monde
Latino,Concert Musiques Du Monde
Reggae,Concert Musiques Du Monde
Concert Thématique,Concert
Concerts de charité,Concert Thématique
Concerts hommage,Concert Thématique
Divers,Concert Thématique
Conférence,
Conférence Académique,Conférence
Divers,Conférence Académique
Sciences humaines,Conférence Académique
Sciences naturelles,Conférence Académique
Technologie et ingénierie,Conférence Académique
Conférence Affaires & Finance,Conférence
Divers,Conférence Affaires & Finance
Economie,Conférence Affaires & Finance
Entrepreneuriat,Conférence Affaires & Finance
Marketing,Conférence Affaires & Finance
Conférence Culture & Société,Conférence
Art et design,Conférence Culture & Société
Divers,Conférence Culture & Société
Histoire,Conférence Culture & Société
Politique,Conférence Culture & Société
Conférence Développement Personnel,Conférence
Communication,Conférence Développement Personnel
Divers,Conférence Développement Personnel
Gestion du temps,Conférence Développement Personnel
Leadership,Conférence Développement Personnel
Conférence Divers,Conférence
Conférence Santé & Bien-Etre,Conférence
Divers,Conférence Santé & Bien-Etre
Médecine,Conférence Santé & Bien-Etre
Nutrition,Conférence Santé & Bien-Etre
Psychologie,Conférence Santé & Bien-Etre
Conférence Technologies de l'Information,Conférence
Cybersécurité,Conférence Technologies de l'Information
Développement logiciel,Conférence Technologies de l'Information
Divers,Conférence Technologies de l'Information
Intelligence artificielle,Conférence Technologies de l'Information
Congrès,
Congrès Art & Culture,Congrès
Arts visuels,Congrès Art & Culture
Cinéma,Congrès Art & Culture
Divers,Congrès Art & Culture
Littérature,Congrès Art & Culture
Musique,Congrès Art & Culture
Congrès Commerce & Industrie,Congrès
Agriculture,Congrès Commerce & Industrie
Commerce de détail,Congrès Commerce & Industrie
Commerce international,Congrès Commerce & Industrie
Divers,Congrès Commerce & Industrie
Manufacturier,Congrès Commerce & Industrie
Congrès Divers,Congrès
Congrès Education & Formation,Congrès
Développement des compétences,Congrès Education & Formation
Divers,Congrès Education & Formation
Éducation supérieure,Congrès Education & Formation
Formation professionnelle,Congrès Education & Formation
Congrès Environnement & Durabilité,Congrès
Changement climatique,Congrès Environnement & Durabilité
Divers,Congrès Environnement & Durabilité
Énergies renouvelables,Congrès Environnement & Durabilité
Gestion des déchets,Congrès Environnement & Durabilité
Congrès Médical & Scientifique,Congrès
Biologie,Congrès Médical & Scientifique
Chimie,Congrès Médical & Scientifique
Divers,Congrès Médical & Scientifique
Médecine,Congrès Médical & Scientifique
Physique,Congrès Médical & Scientifique
Congrès Technologie & Innovation,Congrès
Aérospatiale,Congrès Technologie & Innovation
Divers,Congrès Technologie & Innovation
Énergie,Congrès Technologie & Innovation
Informatique,Congrès Technologie & Innovation
Robotique,Congrès Technologie & Innovation
Evénements Divers,
Emploi,
Emploi Divers,Emploi
Emploi Etudiant,Emploi
Divers,Emploi Etudiant
Opportunités de bénévolat,Emploi Etudiant
Programmes de travail-étude,Emploi Etudiant
Stages,Emploi Etudiant
Emploi & Technologie,Emploi
Ateliers de programmation,Emploi & Technologie
Divers,Emploi & Technologie
Foires technologiques,Emploi & Technologie
Meetups technologiques,Emploi & Technologie
Formation Professionnelle,Emploi
Cours de langues,Formation Professionnelle
Divers,Formation Professionnelle
Formations en gestion,Formation Professionnelle
Formations en informatique,Formation Professionnelle
Formations techniques,Formation Professionnelle
Networking & Développement Professionnel,Emploi
Conférences professionnelles,Networking & Développement Professionnel
Divers,Networking & Développement Professionnel
Événements de réseautage,Networking & Développement Professionnel
Groupes de discussion,Networking & Développement Professionnel
Orientation Professionnelle,Emploi
Conseil en orientation,Orientation Professionnelle
Divers,Orientation Professionnelle
Évaluations de compétences,Orientation Professionnelle
Séminaires de carrière,Orientation Professionnelle
Recherche d'Emploi,Emploi
Ateliers de rédaction de CV,Recherche d'Emploi
Coaching d'entretien,Recherche d'Emploi
Divers,Recherche d'Emploi
Salons de l'emploi,Recherche d'Emploi
Exposition,
Exposition Archéologie & Histoire,Exposition
Divers,Exposition Archéologie & Histoire
Expositions historiques,Exposition Archéologie & Histoire
Musées,Exposition Archéologie & Histoire
Sites archéologiques,Exposition Archéologie & Histoire
Exposition Art & Culture,Exposition
Art contemporain,Exposition Art & Culture
Divers,Exposition Art & Culture
Peinture,Exposition Art & Culture
Photographie,Exposition Art & Culture
Sculpture,Exposition Art & Culture
Exposition Divers,Exposition
Exposition Environnement & Nature,Exposition
Divers,Exposition Environnement & Nature
Écologie,Exposition Environnement & Nature
Faune et flore,Exposition Environnement & Nature
Jardins botaniques,Exposition Environnement & Nature
Exposition Sciences & Technologies,Exposition
Astronomie,Exposition Sciences & Technologies
Divers,Exposition Sciences & Technologies
Innovations technologiques,Exposition Sciences & Technologies
Sciences naturelles,Exposition Sciences & Technologies
Exposition Thématique,Exposition
Divers,Exposition Thématique
Expositions interactives,Exposition Thématique
Expositions éducatives,Exposition Thématique
Expositions pour enfants,Exposition Thématique
Festival,
Festival Artistique,Festival
Divers,Festival Artistique
Festival Artistique de la rue,Festival Artistique
Festival Artistique visuels,Festival Artistique
Installation,Festival Artistique
Peinture,Festival Artistique
Performances,Festival Artistique
Sculpture,Festival Artistique
Festival Cinéma,Festival
Animation,Festival Cinéma
Comédie,Festival Cinéma
Divers,Festival Cinéma
Documentaire,Festival Cinéma
Drame,Festival Cinéma
Horreur,Festival Cinéma
Science-Fiction,Festival Cinéma
Festival Culture & Histoire,Festival
Artisanat,Festival Culture & Histoire
Divers,Festival Culture & Histoire
Folklore,Festival Culture & Histoire
Histoire locale,Festival Culture & Histoire
Traditions,Festival Culture & Histoire
Festival Divers,Festival
Festival Environnement & Nature,Festival
Biodiversité,Festival Environnement & Nature
Développement durable,Festival Environnement & Nature
Divers,Festival Environnement & Nature
Observation de la nature,Festival Environnement & Nature
Festival Gastronomique,Festival
Cuisine locale,Festival Gastronomique
Cuisine du monde,Festival Gastronomique
Dégustation de vins,Festival Gastronomique
Divers,Festival Gastronomique
Street food,Festival Gastronomique
Festival Innovation & Technologie,Festival
Divers,Festival Innovation & Technologie
Intelligence Artificielle,Festival Innovation & Technologie
Robotique,Festival Innovation & Technologie
Start-ups,Festival Innovation & Technologie
Tech verte,Festival Innovation & Technologie
Festival Littéraire,Festival
Bande dessinée,Festival Littéraire
Divers,Festival Littéraire
Essais,Festival Littéraire
Histoire,Festival Littéraire
Poésie,Festival Littéraire
Romans,Festival Littéraire
Festival Musique,Festival
Classique,Festival Musique
Divers,Festival Musique
Électronique,Festival Musique
Folk,Festival Musique
Hip-Hop,Festival Musique
Jazz,Festival Musique
Rock,Festival Musique
Fête,
Carnaval,Fête
Cérémonie,Fête
Fête Divers,Fête
Fête Nationale,Fête
Fête Religieuse,Fête
Gala,Fête
Réception,Fête
Soirée Etudiante,Fête
Soirée Thématique,Fête
Inauguration,
Inauguration Divers,Inauguration
Kermesse,
Kermesse Divers,Kermesse
Loto,
Loto Divers,Loto
Marché,
Marché Divers,Marché
Marché de Noël,Marché
Rencontre,
Rencontre Amoureuse,Rencontre
Divers,Rencontre Amoureuse
Rendez-vous arrangé,Rencontre Amoureuse
Speed dating,Rencontre Amoureuse
Rencontre Culturelle,Rencontre
Divers,Rencontre Culturelle
Lecture de groupe,Rencontre Culturelle
Projection de film,Rencontre Culturelle
Visite de musée,Rencontre Culturelle
Rencontre Divers,Rencontre
Rencontre Sociale,Rencontre
Café rencontre,Rencontre Sociale
Club / Association,Rencontre Sociale
Divers,Rencontre Sociale
Dîner de groupe,Rencontre Sociale
Rencontre Sportive,Rencontre
Divers,Rencontre Sportive
Entraînement ouvert,Rencontre Sportive
Match,Rencontre Sportive
Randonnée,Rencontre Sportive
Tournoi,Rencontre Sportive
Salon,
Salon Divers,Salon
Salon Loisirs,Salon
Divers,Salon Loisirs
Salon des jeux vidéo,Salon Loisirs
Salon du modélisme,Salon Loisirs
Salon de la bande dessinée,Salon Loisirs
Salon Professionnel,Salon
Divers,Salon Professionnel
Salon de l'automobile,Salon Professionnel
Salon de la technologie,Salon Professionnel
Salon de l'industrie,Salon Professionnel
Salon de l'artisanat,Salon Professionnel
Salon de la mode,Salon Professionnel
Salon de la beauté,Salon Professionnel
Salon du livre,Salon Professionnel
Salon de la gastronomie,Salon Professionnel
Salon du tourisme,Salon Professionnel
Salon de l'éducation,Salon Professionnel
Salon de la santé,Salon Professionnel
Salon du bien-être,Salon Professionnel
Salon de l'immobilier,Salon Professionnel
Salon du jardinage,Salon Professionnel
Spectacle,
Représentation de Ballet,Spectacle
Cabaret,Spectacle
Cirque,Spectacle
Comédie Musicale,Spectacle
Spectacle Divers,Spectacle
Feu d’Artifice,Spectacle
Spectacle d'Humour,Spectacle
Spectacle de Magie,Spectacle
Représentation d'Opéra,Spectacle
Projection Cinématographique,Spectacle
Show Télévisé,Spectacle
Spectacle Aérien,Spectacle
Spectacle De Rue,Spectacle
Sport (hors compétition ou tournoi),
Divers,Sport (hors compétition ou tournoi)
Stage,
Stage Artistique,Stage
Divers,Stage Artistique
Stage de danse,Stage Artistique
Stage de musique,Stage Artistique
Stage de théâtre,Stage Artistique
Stage de peinture,Stage Artistique
Stage de Développement Personnel,Stage
Coaching individuel,Stage de Développement Personnel
Divers,Stage de Développement Personnel
Séminaire de motivation,Stage de Développement Personnel
Stage de bien-être,Stage de Développement Personnel
Stage Divers,Stage
Stage Professionnel,Stage
Atelier de travail,Stage Professionnel
Conférence de formation,Stage Professionnel
Divers,Stage Professionnel
Séminaire spécialisé,Stage Professionnel
Stage Formation continue,Stage Professionnel
Stage Sportif,Stage
Camp d’entraînement,Stage Sportif
Clinique de sport,Stage Sportif
Divers,Stage Sportif
Stage de fitness,Stage Sportif
Stage de yoga,Stage Sportif
Théâtre,
Comédie,Théâtre
Théâtre Divers,Théâtre
Drame,Théâtre
Improvisation,Théâtre
Lecture Dramatique,Théâtre
One-man Show,Théâtre
Théâtre Classique,Théâtre
Théâtre Contemporain,Théâtre
Théâtre De Rue,Théâtre
Théâtre Expérimental,Théâtre
Tragédie,Théâtre
Vaudeville,Théâtre
Tournoi,
Tournoi Divers,Tournoi
Tournoi d'Échecs,Tournoi
Tournoi de Jeux de Cartes,Tournoi
Bridge,Tournoi de Jeux de Cartes
Poker,Tournoi de Jeux de Cartes
Tournoi de Jeux de Société,Tournoi
Monopoly,Tournoi de Jeux de Société
Risk,Tournoi de Jeux de Société
Tournoi Sportif,Tournoi
Badminton,Tournoi Sportif
Basketball,Tournoi Sportif
Esports,Tournoi Sportif
Football,Tournoi Sportif
Golf,Tournoi Sportif
Ping-pong,Tournoi Sportif
Rugby,Tournoi Sportif
Tennis,Tournoi Sportif
Volleyball,Tournoi Sportif